11,user_11,pass_11,95
12,user_12,pass_12,59
13,user_13,pass_13,99
14,user_14,pass_14,0
15,user_15,pass_15,14
16,user_16,pass_16,54
17,user_17,pass_17,5
18,user_18,pass_18,5
19,user_19,pass_19,85
20,user_20,pass_20,17
11,user_11,pass_11,83
12,user_12,pass_12,20
13,user_13,pass_13,99
14,user_14,pass_14,64
15,user_15,pass_15,12
16,user_16,pass_16,12
17,user_17,pass_17,22
18,user_18,pass_18,52
19,user_19,pass_19,83
2,user_2,pass_2,43
20,user_20,pass_20,66
11,user_11,pass_11,83
12,user_12,pass_12,20
13,user_13,pass_13,99
14,user_14,pass_14,64
15,user_15,pass_15,12
16,user_16,pass_16,12
17,user_17,pass_17,22
18,user_18,pass_18,52
19,user_19,pass_19,83
2,user_2,pass_2,43
20,user_20,pass_20,66
11,user_11,pass_11,83
12,user_12,pass_12,20
13,user_13,pass_13,99
14,user_14,pass_14,64
15,user_15,pass_15,12
16,user_16,pass_16,12
17,user_17,pass_17,22
18,user_18,pass_18,52
19,user_19,pass_19,83
2,user_2,pass_2,43
20,user_20,pass_20,66
11,user_11,pass_11,83
12,user_12,pass_12,20
13,user_13,pass_13,99
14,user_14,pass_14,64
15,user_15,pass_15,12
16,user_16,pass_16,12
17,user_17,pass_17,22
18,user_18,pass_18,52
19,user_19,pass_19,83
2,user_2,pass_2,43
20,user_20,pass_20,66
11,user_11,pass_11,83
12,user_12,pass_12,20
13,user_13,pass_13,99
14,user_14,pass_14,64
15,user_15,pass_15,12
16,user_16,pass_16,12
17,user_17,pass_17,22
18,user_18,pass_18,52
19,user_19,pass_19,83
2,user_2,pass_2,43
20,user_20,pass_20,66
11,user_11,pass_11,83
12,user_12,pass_12,20
13,user_13,pass_13,99
14,user_14,pass_14,64
15,user_15,pass_15,12
16,user_16,pass_16,12
17,user_17,pass_17,22
18,user_18,pass_18,52
19,user_19,pass_19,83
2,user_2,pass_2,43
20,user_20,pass_20,66
11,user_11,pass_11,83
12,user_12,pass_12,20
13,user_13,pass_13,99
14,user_14,pass_14,64
15,user_15,pass_15,12
16,user_16,pass_16,12
17,user_17,pass_17,22
18,user_18,pass_18,52
19,user_19,pass_19,83
2,user_2,pass_2,43
20,user_20,pass_20,66
11,user_11,pass_11,83
12,user_12,pass_12,20
13,user_13,pass_13,99
14,user_14,pass_14,64
15,user_15,pass_15,12
16,user_16,pass_16,12
17,user_17,pass_17,22
18,user_18,pass_18,52
19,user_19,pass_19,83
2,user_2,pass_2,43
20,user_20,pass_20,66
11,user_11,pass_11,83
12,user_12,pass_12,20
13,user_13,pass_13,99
14,user_14,pass_14,64
15,user_15,pass_15,12
16,user_16,pass_16,12
17,user_17,pass_17,22
18,user_18,pass_18,52
19,user_19,pass_19,83
2,user_2,pass_2,43
20,user_20,pass_20,66
11,user_11,pass_11,83
12,user_12,pass_12,20
13,user_13,pass_13,99
14,user_14,pass_14,64
15,user_15,pass_15,12
16,user_16,pass_16,12
17,user_17,pass_17,22
18,user_18,pass_18,52
19,user_19,pass_19,83
2,user_2,pass_2,43
20,user_20,pass_20,66
11,user_11,pass_11,83
12,user_12,pass_12,20
13,user_13,pass_13,99
14,user_14,pass_14,64
15,user_15,pass_15,12
16,user_16,pass_16,12
17,user_17,pass_17,22
18,user_18,pass_18,52
19,user_19,pass_19,83
2,user_2,pass_2,43
20,user_20,pass_20,66
11,user_11,pass_11,83
12,user_12,pass_12,20
13,user_13,pass_13,99
14,user_14,pass_14,64
15,user_15,pass_15,12
16,user_16,pass_16,12
17,user_17,pass_17,22
18,user_18,pass_18,52
19,user_19,pass_19,83
2,user_2,pass_2,43
20,user_20,pass_20,66
11,user_11,pass_11,83
12,user_12,pass_12,20
13,user_13,pass_13,99
14,user_14,pass_14,64
15,user_15,pass_15,12
16,user_16,pass_16,12
17,user_17,pass_17,22
18,user_18,pass_18,52
19,user_19,pass_19,83
2,user_2,pass_2,43
20,user_20,pass_20,66
11,user_11,pass_11,83
12,user_12,pass_12,20
13,user_13,pass_13,99
14,user_14,pass_14,64
15,user_15,pass_15,12
16,user_16,pass_16,12
17,user_17,pass_17,22
18,user_18,pass_18,52
19,user_19,pass_19,83
2,user_2,pass_2,43
20,user_20,pass_20,66
11,user_11,pass_11,83
12,user_12,pass_12,20
13,user_13,pass_13,99
14,user_14,pass_14,64
15,user_15,pass_15,12
16,user_16,pass_16,12
17,user_17,pass_17,22
18,user_18,pass_18,52
19,user_19,pass_19,83
2,user_2,pass_2,43
20,user_20,pass_20,66
11,user_11,pass_11,83
12,user_12,pass_12,20
13,user_13,pass_13,99
14,user_14,pass_14,64
15,user_15,pass_15,12
16,user_16,pass_16,12
17,user_17,pass_17,22
18,user_18,pass_18,52
19,user_19,pass_19,83
2,user_2,pass_2,43
20,user_20,pass_20,66
11,user_11,pass_11,83
12,user_12,pass_12,20
13,user_13,pass_13,99
14,user_14,pass_14,64
15,user_15,pass_15,12
16,user_16,pass_16,12
17,user_17,pass_17,22
18,user_18,pass_18,52
19,user_19,pass_19,83
2,user_2,pass_2,43
20,user_20,pass_20,66
11,user_11,pass_11,83
12,user_12,pass_12,20
13,user_13,pass_13,99
14,user_14,pass_14,64
15,user_15,pass_15,12
16,user_16,pass_16,12
17,user_17,pass_17,22
18,user_18,pass_18,52
19,user_19,pass_19,83
2,user_2,pass_2,43
20,user_20,pass_20,66
11,user_11,pass_11,83
12,user_12,pass_12,20
13,user_13,pass_13,99
14,user_14,pass_14,64
15,user_15,pass_15,12
16,user_16,pass_16,12
17,user_17,pass_17,22
18,user_18,pass_18,52
19,user_19,pass_19,83
2,user_2,pass_2,43
20,user_20,pass_20,66
11,user_11,pass_11,83
12,user_12,pass_12,20
13,user_13,pass_13,99
14,user_14,pass_14,64
15,user_15,pass_15,12
16,user_16,pass_16,12
17,user_17,pass_17,22
18,user_18,pass_18,52
19,user_19,pass_19,83
2,user_2,pass_2,43
20,user_20,pass_20,66
11,user_11,pass_11,83
12,user_12,pass_12,20
13,user_13,pass_13,99
14,user_14,pass_14,64
15,user_15,pass_15,12
16,user_16,pass_16,12
17,user_17,pass_17,22
18,user_18,pass_18,52
19,user_19,pass_19,83
2,user_2,pass_2,43
20,user_20,pass_20,66
11,user_11,pass_11,83
12,user_12,pass_12,20
13,user_13,pass_13,99
14,user_14,pass_14,64
15,user_15,pass_15,12
16,user_16,pass_16,12
17,user_17,pass_17,22
18,user_18,pass_18,52
19,user_19,pass_19,83
2,user_2,pass_2,43
20,user_20,pass_20,66
11,user_11,pass_11,83
11,user_11,pass_11,83
12,user_12,pass_12,20
13,user_13,pass_13,99
14,user_14,pass_14,64
15,user_15,pass_15,12
16,user_16,pass_16,12
17,user_17,pass_17,22
18,user_18,pass_18,52
19,user_19,pass_19,83
2,user_2,pass_2,43
20,user_20,pass_20,66
12,user_12,pass_12,20
13,user_13,pass_13,99
14,user_14,pass_14,64
15,user_15,pass_15,12
16,user_16,pass_16,12
17,user_17,pass_17,22
18,user_18,pass_18,52
19,user_19,pass_19,83
2,user_2,pass_2,43
20,user_20,pass_20,66
11,user_11,pass_11,83
12,user_12,pass_12,20
13,user_13,pass_13,99
14,user_14,pass_14,64
15,user_15,pass_15,12
16,user_16,pass_16,12
17,user_17,pass_17,22
18,user_18,pass_18,52
19,user_19,pass_19,83
2,user_2,pass_2,43
20,user_20,pass_20,66
11,user_11,pass_11,83
12,user_12,pass_12,20
13,user_13,pass_13,99
14,user_14,pass_14,64
15,user_15,pass_15,12
16,user_16,pass_16,12
17,user_17,pass_17,22
18,user_18,pass_18,52
19,user_19,pass_19,83
2,user_2,pass_2,43
20,user_20,pass_20,66
11,user_11,pass_11,83
12,user_12,pass_12,20
13,user_13,pass_13,99
14,user_14,pass_14,64
15,user_15,pass_15,12
16,user_16,pass_16,12
17,user_17,pass_17,22
18,user_18,pass_18,52
19,user_19,pass_19,83
2,user_2,pass_2,43
20,user_20,pass_20,66
11,user_11,pass_11,83
12,user_12,pass_12,20
13,user_13,pass_13,99
14,user_14,pass_14,64
15,user_15,pass_15,12
16,user_16,pass_16,12
17,user_17,pass_17,22
18,user_18,pass_18,52
19,user_19,pass_19,83
2,user_2,pass_2,43
20,user_20,pass_20,66
11,user_11,pass_11,83
12,user_12,pass_12,20
13,user_13,pass_13,99
14,user_14,pass_14,64
15,user_15,pass_15,12
16,user_16,pass_16,12
17,user_17,pass_17,22
18,user_18,pass_18,52
19,user_19,pass_19,83
2,user_2,pass_2,43
20,user_20,pass_20,66
11,user_11,pass_11,83
12,user_12,pass_12,20
13,user_13,pass_13,99
14,user_14,pass_14,64
15,user_15,pass_15,12
16,user_16,pass_16,12
17,user_17,pass_17,22
18,user_18,pass_18,52
19,user_19,pass_19,83
2,user_2,pass_2,43
20,user_20,pass_20,66
11,user_11,pass_11,83
12,user_12,pass_12,20
13,user_13,pass_13,99
14,user_14,pass_14,64
15,user_15,pass_15,12
16,user_16,pass_16,12
17,user_17,pass_17,22
18,user_18,pass_18,52
19,user_19,pass_19,83
2,user_2,pass_2,43
20,user_20,pass_20,66
11,user_11,pass_11,83
12,user_12,pass_12,20
13,user_13,pass_13,99
14,user_14,pass_14,64
15,user_15,pass_15,12
16,user_16,pass_16,12
17,user_17,pass_17,22
18,user_18,pass_18,52
19,user_19,pass_19,83
2,user_2,pass_2,43
20,user_20,pass_20,66
11,user_11,pass_11,83
12,user_12,pass_12,20
13,user_13,pass_13,99
14,user_14,pass_14,64
15,user_15,pass_15,12
16,user_16,pass_16,12
17,user_17,pass_17,22
18,user_18,pass_18,52
19,user_19,pass_19,83
2,user_2,pass_2,43
20,user_20,pass_20,66
11,user_11,pass_11,83
12,user_12,pass_12,20
13,user_13,pass_13,99
14,user_14,pass_14,64
15,user_15,pass_15,12
16,user_16,pass_16,12
17,user_17,pass_17,22
18,user_18,pass_18,52
19,user_19,pass_19,83
2,user_2,pass_2,43
20,user_20,pass_20,66
11,user_11,pass_11,83
12,user_12,pass_12,20
13,user_13,pass_13,99
14,user_14,pass_14,64
15,user_15,pass_15,12
16,user_16,pass_16,12
17,user_17,pass_17,22
18,user_18,pass_18,52
19,user_19,pass_19,83
2,user_2,pass_2,43
20,user_20,pass_20,66
11,user_11,pass_11,83
12,user_12,pass_12,20
13,user_13,pass_13,99
14,user_14,pass_14,64
15,user_15,pass_15,12
16,user_16,pass_16,12
17,user_17,pass_17,22
18,user_18,pass_18,52
19,user_19,pass_19,83
2,user_2,pass_2,43
20,user_20,pass_20,66
11,user_11,pass_11,83
12,user_12,pass_12,20
13,user_13,pass_13,99
14,user_14,pass_14,64
15,user_15,pass_15,12
16,user_16,pass_16,12
17,user_17,pass_17,22
18,user_18,pass_18,52
19,user_19,pass_19,83
2,user_2,pass_2,43
20,user_20,pass_20,66
11,user_11,pass_11,83
12,user_12,pass_12,20
13,user_13,pass_13,99
14,user_14,pass_14,64
15,user_15,pass_15,12
16,user_16,pass_16,12
17,user_17,pass_17,22
18,user_18,pass_18,52
19,user_19,pass_19,83
2,user_2,pass_2,43
20,user_20,pass_20,66
11,user_11,pass_11,83
12,user_12,pass_12,20
13,user_13,pass_13,99
14,user_14,pass_14,64
15,user_15,pass_15,12
16,user_16,pass_16,12
17,user_17,pass_17,22
18,user_18,pass_18,52
19,user_19,pass_19,83
2,user_2,pass_2,43
20,user_20,pass_20,66
11,user_11,pass_11,83
12,user_12,pass_12,20
13,user_13,pass_13,99
14,user_14,pass_14,64
15,user_15,pass_15,12
16,user_16,pass_16,12
17,user_17,pass_17,22
18,user_18,pass_18,52
19,user_19,pass_19,83
2,user_2,pass_2,43
20,user_20,pass_20,66
11,user_11,pass_11,83
12,user_12,pass_12,20
13,user_13,pass_13,99
14,user_14,pass_14,64
15,user_15,pass_15,12
16,user_16,pass_16,12
17,user_17,pass_17,22
18,user_18,pass_18,52
19,user_19,pass_19,83
2,user_2,pass_2,43
20,user_20,pass_20,66
11,user_11,pass_11,83
12,user_12,pass_12,20
13,user_13,pass_13,99
14,user_14,pass_14,64
15,user_15,pass_15,12
16,user_16,pass_16,12
17,user_17,pass_17,22
18,user_18,pass_18,52
19,user_19,pass_19,83
2,user_2,pass_2,43
20,user_20,pass_20,66
11,user_11,pass_11,83
12,user_12,pass_12,20
13,user_13,pass_13,99
14,user_14,pass_14,64
15,user_15,pass_15,12
16,user_16,pass_16,12
17,user_17,pass_17,22
18,user_18,pass_18,52
19,user_19,pass_19,83
2,user_2,pass_2,43
20,user_20,pass_20,66
11,user_11,pass_11,83
12,user_12,pass_12,20
13,user_13,pass_13,99
14,user_14,pass_14,64
15,user_15,pass_15,12
16,user_16,pass_16,12
17,user_17,pass_17,22
18,user_18,pass_18,52
19,user_19,pass_19,83
2,user_2,pass_2,43
20,user_20,pass_20,66
11,user_11,pass_11,83
12,user_12,pass_12,20
13,user_13,pass_13,99
14,user_14,pass_14,64
15,user_15,pass_15,12
16,user_16,pass_16,12
17,user_17,pass_17,22
18,user_18,pass_18,52
19,user_19,pass_19,83
2,user_2,pass_2,43
20,user_20,pass_20,66
11,user_11,pass_11,83
12,user_12,pass_12,20
13,user_13,pass_13,99
14,user_14,pass_14,64
15,user_15,pass_15,12
16,user_16,pass_16,12
17,user_17,pass_17,22
18,user_18,pass_18,52
19,user_19,pass_19,83
2,user_2,pass_2,43
20,user_20,pass_20,66
11,user_11,pass_11,83
12,user_12,pass_12,20
13,user_13,pass_13,99
14,user_14,pass_14,64
15,user_15,pass_15,12
16,user_16,pass_16,12
17,user_17,pass_17,22
18,user_18,pass_18,52
19,user_19,pass_19,83
2,user_2,pass_2,43
20,user_20,pass_20,66
11,user_11,pass_11,83
12,user_12,pass_12,20
13,user_13,pass_13,99
14,user_14,pass_14,64
15,user_15,pass_15,12
16,user_16,pass_16,12
17,user_17,pass_17,22
18,user_18,pass_18,52
19,user_19,pass_19,83
2,user_2,pass_2,43
20,user_20,pass_20,66
11,user_11,pass_11,83
12,user_12,pass_12,20
13,user_13,pass_13,99
14,user_14,pass_14,64
15,user_15,pass_15,12
16,user_16,pass_16,12
17,user_17,pass_17,22
18,user_18,pass_18,52
19,user_19,pass_19,83
2,user_2,pass_2,43
20,user_20,pass_20,66
11,user_11,pass_11,83
12,user_12,pass_12,20
13,user_13,pass_13,99
14,user_14,pass_14,64
15,user_15,pass_15,12
16,user_16,pass_16,12
17,user_17,pass_17,22
18,user_18,pass_18,52
19,user_19,pass_19,83
2,user_2,pass_2,43
20,user_20,pass_20,66
11,user_11,pass_11,83
12,user_12,pass_12,20
13,user_13,pass_13,99
14,user_14,pass_14,64
15,user_15,pass_15,12
16,user_16,pass_16,12
17,user_17,pass_17,22
18,user_18,pass_18,52
19,user_19,pass_19,83
2,user_2,pass_2,43
20,user_20,pass_20,66
11,user_11,pass_11,83
12,user_12,pass_12,20
13,user_13,pass_13,99
14,user_14,pass_14,64
15,user_15,pass_15,12
16,user_16,pass_16,12
17,user_17,pass_17,22
18,user_18,pass_18,52
19,user_19,pass_19,83
2,user_2,pass_2,43
20,user_20,pass_20,66
11,user_11,pass_11,83
12,user_12,pass_12,20
13,user_13,pass_13,99
14,user_14,pass_14,64
15,user_15,pass_15,12
16,user_16,pass_16,12
17,user_17,pass_17,22
18,user_18,pass_18,52
19,user_19,pass_19,83
2,user_2,pass_2,43
20,user_20,pass_20,66
11,user_11,pass_11,83
12,user_12,pass_12,20
13,user_13,pass_13,99
14,user_14,pass_14,64
15,user_15,pass_15,12
16,user_16,pass_16,12
17,user_17,pass_17,22
18,user_18,pass_18,52
19,user_19,pass_19,83
2,user_2,pass_2,43
20,user_20,pass_20,66
11,user_11,pass_11,83
12,user_12,pass_12,20
13,user_13,pass_13,99
14,user_14,pass_14,64
15,user_15,pass_15,12
16,user_16,pass_16,12
17,user_17,pass_17,22
18,user_18,pass_18,52
19,user_19,pass_19,83
2,user_2,pass_2,43
20,user_20,pass_20,66
11,user_11,pass_11,83
12,user_12,pass_12,20
13,user_13,pass_13,99
14,user_14,pass_14,64
15,user_15,pass_15,12
16,user_16,pass_16,12
17,user_17,pass_17,22
18,user_18,pass_18,52
19,user_19,pass_19,83
2,user_2,pass_2,43
20,user_20,pass_20,66
11,user_11,pass_11,83
12,user_12,pass_12,20
13,user_13,pass_13,99
14,user_14,pass_14,64
15,user_15,pass_15,12
16,user_16,pass_16,12
17,user_17,pass_17,22
18,user_18,pass_18,52
19,user_19,pass_19,83
2,user_2,pass_2,43
20,user_20,pass_20,66
11,user_11,pass_11,83
12,user_12,pass_12,20
13,user_13,pass_13,99
14,user_14,pass_14,64
15,user_15,pass_15,12
16,user_16,pass_16,12
17,user_17,pass_17,22
18,user_18,pass_18,52
19,user_19,pass_19,83
2,user_2,pass_2,43
20,user_20,pass_20,66
11,user_11,pass_11,83
12,user_12,pass_12,20
13,user_13,pass_13,99
14,user_14,pass_14,64
15,user_15,pass_15,12
16,user_16,pass_16,12
17,user_17,pass_17,22
18,user_18,pass_18,52
19,user_19,pass_19,83
2,user_2,pass_2,43
20,user_20,pass_20,66
11,user_11,pass_11,83
12,user_12,pass_12,20
13,user_13,pass_13,99
14,user_14,pass_14,64
11,user_11,pass_11,83
12,user_12,pass_12,20
13,user_13,pass_13,99
14,user_14,pass_14,64
15,user_15,pass_15,12
16,user_16,pass_16,12
17,user_17,pass_17,22
18,user_18,pass_18,52
19,user_19,pass_19,83
2,user_2,pass_2,43
20,user_20,pass_20,66
15,user_15,pass_15,12
16,user_16,pass_16,12
17,user_17,pass_17,22
18,user_18,pass_18,52
19,user_19,pass_19,83
2,user_2,pass_2,43
20,user_20,pass_20,66
11,user_11,pass_11,83
12,user_12,pass_12,20
13,user_13,pass_13,99
14,user_14,pass_14,64
15,user_15,pass_15,12
16,user_16,pass_16,12
17,user_17,pass_17,22
18,user_18,pass_18,52
19,user_19,pass_19,83
2,user_2,pass_2,43
20,user_20,pass_20,66
11,user_11,pass_11,83
12,user_12,pass_12,20
13,user_13,pass_13,99
14,user_14,pass_14,64
15,user_15,pass_15,12
16,user_16,pass_16,12
17,user_17,pass_17,22
18,user_18,pass_18,52
19,user_19,pass_19,83
2,user_2,pass_2,43
20,user_20,pass_20,66
11,user_11,pass_11,83
12,user_12,pass_12,20
13,user_13,pass_13,99
14,user_14,pass_14,64
15,user_15,pass_15,12
16,user_16,pass_16,12
17,user_17,pass_17,22
18,user_18,pass_18,52
19,user_19,pass_19,83
2,user_2,pass_2,43
20,user_20,pass_20,66
11,user_11,pass_11,83
12,user_12,pass_12,20
13,user_13,pass_13,99
14,user_14,pass_14,64
15,user_15,pass_15,12
16,user_16,pass_16,12
17,user_17,pass_17,22
18,user_18,pass_18,52
19,user_19,pass_19,83
2,user_2,pass_2,43
20,user_20,pass_20,66
11,user_11,pass_11,83
12,user_12,pass_12,20
13,user_13,pass_13,99
14,user_14,pass_14,64
15,user_15,pass_15,12
16,user_16,pass_16,12
17,user_17,pass_17,22
18,user_18,pass_18,52
19,user_19,pass_19,83
2,user_2,pass_2,43
20,user_20,pass_20,66
11,user_11,pass_11,83
12,user_12,pass_12,20
13,user_13,pass_13,99
14,user_14,pass_14,64
15,user_15,pass_15,12
16,user_16,pass_16,12
17,user_17,pass_17,22
18,user_18,pass_18,52
19,user_19,pass_19,83
2,user_2,pass_2,43
20,user_20,pass_20,66
11,user_11,pass_11,83
12,user_12,pass_12,20
13,user_13,pass_13,99
14,user_14,pass_14,64
15,user_15,pass_15,12
16,user_16,pass_16,12
17,user_17,pass_17,22
18,user_18,pass_18,52
19,user_19,pass_19,83
2,user_2,pass_2,43
20,user_20,pass_20,66
11,user_11,pass_11,83
12,user_12,pass_12,20
13,user_13,pass_13,99
14,user_14,pass_14,64
15,user_15,pass_15,12
16,user_16,pass_16,12
17,user_17,pass_17,22
18,user_18,pass_18,52
19,user_19,pass_19,83
2,user_2,pass_2,43
20,user_20,pass_20,66
11,user_11,pass_11,83
12,user_12,pass_12,20
13,user_13,pass_13,99
14,user_14,pass_14,64
15,user_15,pass_15,12
16,user_16,pass_16,12
17,user_17,pass_17,22
18,user_18,pass_18,52
19,user_19,pass_19,83
2,user_2,pass_2,43
20,user_20,pass_20,66
11,user_11,pass_11,83
12,user_12,pass_12,20
13,user_13,pass_13,99
14,user_14,pass_14,64
15,user_15,pass_15,12
16,user_16,pass_16,12
17,user_17,pass_17,22
18,user_18,pass_18,52
19,user_19,pass_19,83
2,user_2,pass_2,43
20,user_20,pass_20,66
11,user_11,pass_11,83
12,user_12,pass_12,20
13,user_13,pass_13,99
14,user_14,pass_14,64
15,user_15,pass_15,12
16,user_16,pass_16,12
17,user_17,pass_17,22
18,user_18,pass_18,52
19,user_19,pass_19,83
2,user_2,pass_2,43
20,user_20,pass_20,66
11,user_11,pass_11,83
12,user_12,pass_12,20
13,user_13,pass_13,99
14,user_14,pass_14,64
15,user_15,pass_15,12
16,user_16,pass_16,12
17,user_17,pass_17,22
18,user_18,pass_18,52
19,user_19,pass_19,83
2,user_2,pass_2,43
20,user_20,pass_20,66
11,user_11,pass_11,83
12,user_12,pass_12,20
13,user_13,pass_13,99
14,user_14,pass_14,64
15,user_15,pass_15,12
16,user_16,pass_16,12
17,user_17,pass_17,22
18,user_18,pass_18,52
19,user_19,pass_19,83
2,user_2,pass_2,43
20,user_20,pass_20,66
11,user_11,pass_11,83
12,user_12,pass_12,20
13,user_13,pass_13,99
14,user_14,pass_14,64
15,user_15,pass_15,12
16,user_16,pass_16,12
17,user_17,pass_17,22
18,user_18,pass_18,52
19,user_19,pass_19,83
2,user_2,pass_2,43
20,user_20,pass_20,66
11,user_11,pass_11,83
12,user_12,pass_12,20
13,user_13,pass_13,99
14,user_14,pass_14,64
15,user_15,pass_15,12
16,user_16,pass_16,12
17,user_17,pass_17,22
18,user_18,pass_18,52
19,user_19,pass_19,83
2,user_2,pass_2,43
20,user_20,pass_20,66
11,user_11,pass_11,83
12,user_12,pass_12,20
13,user_13,pass_13,99
14,user_14,pass_14,64
15,user_15,pass_15,12
16,user_16,pass_16,12
17,user_17,pass_17,22
18,user_18,pass_18,52
19,user_19,pass_19,83
2,user_2,pass_2,43
20,user_20,pass_20,66
11,user_11,pass_11,83
12,user_12,pass_12,20
13,user_13,pass_13,99
14,user_14,pass_14,64
15,user_15,pass_15,12
16,user_16,pass_16,12
17,user_17,pass_17,22
18,user_18,pass_18,52
19,user_19,pass_19,83
2,user_2,pass_2,43
20,user_20,pass_20,66
11,user_11,pass_11,83
12,user_12,pass_12,20
13,user_13,pass_13,99
14,user_14,pass_14,64
15,user_15,pass_15,12
16,user_16,pass_16,12
17,user_17,pass_17,22
18,user_18,pass_18,52
19,user_19,pass_19,83
2,user_2,pass_2,43
20,user_20,pass_20,66
11,user_11,pass_11,83
12,user_12,pass_12,20
13,user_13,pass_13,99
14,user_14,pass_14,64
15,user_15,pass_15,12
16,user_16,pass_16,12
17,user_17,pass_17,22
18,user_18,pass_18,52
19,user_19,pass_19,83
2,user_2,pass_2,43
20,user_20,pass_20,66
11,user_11,pass_11,83
12,user_12,pass_12,20
13,user_13,pass_13,99
14,user_14,pass_14,64
15,user_15,pass_15,12
16,user_16,pass_16,12
17,user_17,pass_17,22
18,user_18,pass_18,52
19,user_19,pass_19,83
2,user_2,pass_2,43
20,user_20,pass_20,66
11,user_11,pass_11,83
12,user_12,pass_12,20
13,user_13,pass_13,99
14,user_14,pass_14,64
15,user_15,pass_15,12
16,user_16,pass_16,12
17,user_17,pass_17,22
18,user_18,pass_18,52
19,user_19,pass_19,83
2,user_2,pass_2,43
20,user_20,pass_20,66
11,user_11,pass_11,83
12,user_12,pass_12,20
13,user_13,pass_13,99
14,user_14,pass_14,64
15,user_15,pass_15,12
16,user_16,pass_16,12
17,user_17,pass_17,22
18,user_18,pass_18,52
19,user_19,pass_19,83
2,user_2,pass_2,43
20,user_20,pass_20,66
11,user_11,pass_11,83
12,user_12,pass_12,20
13,user_13,pass_13,99
14,user_14,pass_14,64
15,user_15,pass_15,12
16,user_16,pass_16,12
17,user_17,pass_17,22
18,user_18,pass_18,52
19,user_19,pass_19,83
2,user_2,pass_2,43
20,user_20,pass_20,66
11,user_11,pass_11,83
12,user_12,pass_12,20
13,user_13,pass_13,99
14,user_14,pass_14,64
15,user_15,pass_15,12
16,user_16,pass_16,12
17,user_17,pass_17,22
18,user_18,pass_18,52
19,user_19,pass_19,83
2,user_2,pass_2,43
20,user_20,pass_20,66
11,user_11,pass_11,83
12,user_12,pass_12,20
13,user_13,pass_13,99
14,user_14,pass_14,64
15,user_15,pass_15,12
16,user_16,pass_16,12
17,user_17,pass_17,22
18,user_18,pass_18,52
19,user_19,pass_19,83
2,user_2,pass_2,43
20,user_20,pass_20,66
11,user_11,pass_11,83
12,user_12,pass_12,20
13,user_13,pass_13,99
14,user_14,pass_14,64
15,user_15,pass_15,12
16,user_16,pass_16,12
17,user_17,pass_17,22
18,user_18,pass_18,52
19,user_19,pass_19,83
2,user_2,pass_2,43
20,user_20,pass_20,66
11,user_11,pass_11,83
12,user_12,pass_12,20
13,user_13,pass_13,99
14,user_14,pass_14,64
15,user_15,pass_15,12
16,user_16,pass_16,12
17,user_17,pass_17,22
18,user_18,pass_18,52
19,user_19,pass_19,83
2,user_2,pass_2,43
20,user_20,pass_20,66
11,user_11,pass_11,83
12,user_12,pass_12,20
13,user_13,pass_13,99
14,user_14,pass_14,64
15,user_15,pass_15,12
16,user_16,pass_16,12
17,user_17,pass_17,22
18,user_18,pass_18,52
19,user_19,pass_19,83
2,user_2,pass_2,43
20,user_20,pass_20,66
11,user_11,pass_11,83
12,user_12,pass_12,20
13,user_13,pass_13,99
14,user_14,pass_14,64
15,user_15,pass_15,12
16,user_16,pass_16,12
17,user_17,pass_17,22
18,user_18,pass_18,52
19,user_19,pass_19,83
2,user_2,pass_2,43
20,user_20,pass_20,66
11,user_11,pass_11,83
12,user_12,pass_12,20
13,user_13,pass_13,99
14,user_14,pass_14,64
15,user_15,pass_15,12
16,user_16,pass_16,12
17,user_17,pass_17,22
18,user_18,pass_18,52
19,user_19,pass_19,83
2,user_2,pass_2,43
20,user_20,pass_20,66
11,user_11,pass_11,83
12,user_12,pass_12,20
13,user_13,pass_13,99
14,user_14,pass_14,64
15,user_15,pass_15,12
16,user_16,pass_16,12
17,user_17,pass_17,22
18,user_18,pass_18,52
19,user_19,pass_19,83
2,user_2,pass_2,43
20,user_20,pass_20,66
11,user_11,pass_11,83
12,user_12,pass_12,20
13,user_13,pass_13,99
14,user_14,pass_14,64
15,user_15,pass_15,12
16,user_16,pass_16,12
17,user_17,pass_17,22
18,user_18,pass_18,52
19,user_19,pass_19,83
2,user_2,pass_2,43
20,user_20,pass_20,66
11,user_11,pass_11,83
12,user_12,pass_12,20
13,user_13,pass_13,99
14,user_14,pass_14,64
15,user_15,pass_15,12
16,user_16,pass_16,12
17,user_17,pass_17,22
18,user_18,pass_18,52
19,user_19,pass_19,83
2,user_2,pass_2,43
20,user_20,pass_20,66
11,user_11,pass_11,83
12,user_12,pass_12,20
13,user_13,pass_13,99
14,user_14,pass_14,64
15,user_15,pass_15,12
16,user_16,pass_16,12
17,user_17,pass_17,22
18,user_18,pass_18,52
19,user_19,pass_19,83
2,user_2,pass_2,43
20,user_20,pass_20,66
11,user_11,pass_11,83
12,user_12,pass_12,20
13,user_13,pass_13,99
14,user_14,pass_14,64
15,user_15,pass_15,12
16,user_16,pass_16,12
17,user_17,pass_17,22
18,user_18,pass_18,52
19,user_19,pass_19,83
2,user_2,pass_2,43
20,user_20,pass_20,66
11,user_11,pass_11,83
12,user_12,pass_12,20
13,user_13,pass_13,99
14,user_14,pass_14,64
15,user_15,pass_15,12
16,user_16,pass_16,12
17,user_17,pass_17,22
18,user_18,pass_18,52
19,user_19,pass_19,83
2,user_2,pass_2,43
20,user_20,pass_20,66
11,user_11,pass_11,83
12,user_12,pass_12,20
13,user_13,pass_13,99
14,user_14,pass_14,64
15,user_15,pass_15,12
16,user_16,pass_16,12
17,user_17,pass_17,22
18,user_18,pass_18,52
19,user_19,pass_19,83
2,user_2,pass_2,43
20,user_20,pass_20,66
11,user_11,pass_11,83
12,user_12,pass_12,20
13,user_13,pass_13,99
14,user_14,pass_14,64
15,user_15,pass_15,12
16,user_16,pass_16,12
17,user_17,pass_17,22
18,user_18,pass_18,52
19,user_19,pass_19,83
2,user_2,pass_2,43
20,user_20,pass_20,66
11,user_11,pass_11,83
12,user_12,pass_12,20
13,user_13,pass_13,99
14,user_14,pass_14,64
15,user_15,pass_15,12
16,user_16,pass_16,12
17,user_17,pass_17,22
18,user_18,pass_18,52
19,user_19,pass_19,83
2,user_2,pass_2,43
20,user_20,pass_20,66
11,user_11,pass_11,83
12,user_12,pass_12,20
13,user_13,pass_13,99
14,user_14,pass_14,64
15,user_15,pass_15,12
16,user_16,pass_16,12
17,user_17,pass_17,22
18,user_18,pass_18,52
19,user_19,pass_19,83
2,user_2,pass_2,43
20,user_20,pass_20,66
11,user_11,pass_11,83
12,user_12,pass_12,20
13,user_13,pass_13,99
14,user_14,pass_14,64
15,user_15,pass_15,12
16,user_16,pass_16,12
17,user_17,pass_17,22
18,user_18,pass_18,52
19,user_19,pass_19,83
2,user_2,pass_2,43
20,user_20,pass_20,66
11,user_11,pass_11,83
12,user_12,pass_12,20
13,user_13,pass_13,99
14,user_14,pass_14,64
15,user_15,pass_15,12
16,user_16,pass_16,12
17,user_17,pass_17,22
18,user_18,pass_18,52
19,user_19,pass_19,83
2,user_2,pass_2,43
20,user_20,pass_20,66
11,user_11,pass_11,83
12,user_12,pass_12,20
13,user_13,pass_13,99
14,user_14,pass_14,64
15,user_15,pass_15,12
16,user_16,pass_16,12
17,user_17,pass_17,22
18,user_18,pass_18,52
19,user_19,pass_19,83
2,user_2,pass_2,43
20,user_20,pass_20,66
11,user_11,pass_11,83
12,user_12,pass_12,20
13,user_13,pass_13,99
14,user_14,pass_14,64
15,user_15,pass_15,12
16,user_16,pass_16,12
17,user_17,pass_17,22
18,user_18,pass_18,52
19,user_19,pass_19,83
2,user_2,pass_2,43
20,user_20,pass_20,66
11,user_11,pass_11,83
12,user_12,pass_12,20
13,user_13,pass_13,99
14,user_14,pass_14,64
15,user_15,pass_15,12
16,user_16,pass_16,12
17,user_17,pass_17,22
18,user_18,pass_18,52
19,user_19,pass_19,83
2,user_2,pass_2,43
20,user_20,pass_20,66
11,user_11,pass_11,83
12,user_12,pass_12,20
13,user_13,pass_13,99
14,user_14,pass_14,64
15,user_15,pass_15,12
16,user_16,pass_16,12
17,user_17,pass_17,22
18,user_18,pass_18,52
19,user_19,pass_19,83
2,user_2,pass_2,43
20,user_20,pass_20,66
11,user_11,pass_11,83
12,user_12,pass_12,20
13,user_13,pass_13,99
14,user_14,pass_14,64
15,user_15,pass_15,12
16,user_16,pass_16,12
17,user_17,pass_17,22
18,user_18,pass_18,52
19,user_19,pass_19,83
2,user_2,pass_2,43
20,user_20,pass_20,66
